{"cameraMode":{"drawMode":0,"name":"Shaded","section":"Shading Mode"},"sceneLighting":true,"audioPlay":false,"sceneViewState":{"m_AlwaysRefresh":false,"showFog":true,"showSkybox":true,"showFlares":true,"showImageEffects":true,"showParticleSystems":true,"showVisualEffectGraphs":true,"m_FxEnabled":true},"in2DMode":false,"pivot":{"x":18.16202163696289,"y":0.192480206489563,"z":-13.755645751953125},"rotation":{"x":-0.009369579143822194,"y":-0.9793607592582703,"z":0.19680070877075196,"w":-0.046441830694675449},"size":4.116579532623291,"orthographic":true}